0	"waldrada"
1	"charles peckham day"
2	"fred le deux"
3	"tom santschi"
4	"1965"
5	"thomas eastwood dickinson"
6	"general"
7	"from 1936"
8	"starships"
9	"ten year period"
10	"lil wayne"
11	"2010"
12	"greece"
13	"noah beery  sr"
14	"henry walter moore"
15	"es"
16	"8"
17	"japan"
18	"robert i"
19	"d he"
20	"beam me up scotty"
21	"frank fay"
22	"john allen"
23	"2008"
24	"what is god"
25	"pritzerbe"
26	"835"
27	"ermengarde of tours"
28	"aas ka panchhi"
29	"february 1982"
30	"five times"
31	"avis utilitas rapla"
32	"liege basket"
33	"washington redskins"
34	"ottoman empire"
35	"melodrama"
36	"lloyd"
37	"astrid north"
38	"2014"
39	"sundance channel"
40	"march 23  1886"
41	"august 3"
42	"astrid karina north"
43	"the trail beyond"
44	"black rhodes professor"
45	"the man from utah"
46	"joan crawford"
47	"31 december 1942"
48	"house of stewart"
49	"second album"
50	"hindi"
51	"theobald"
52	"mildred pierce"
53	"we re no angels"
54	"ude"
55	"1989"
56	"indie punk band"
57	"jim bob"
58	"bosonid boso the elder"
59	"1937"
60	"x"
61	"singer"
62	"14th  century"
63	"johnny mack brown"
64	"yankee doodle dandy"
65	"1942"
66	"d den er et kj rtegndeath is a caress"
67	"wesley barresi"
68	"9 may 1926"
69	"carlmar"
70	"the sea wolf"
71	"st helena"
72	"third"
73	"ringo en no sh jo"
74	"billboard r b hip hop airplay chart"
75	"tunstall"
76	"amy hobby"
77	"the star packer"
78	"regret in your tears"
79	"henry j   red  krause  jr"
80	"a"
81	"r gas ask"
82	"olivia de havilland"
83	"cairist ona"
84	"white christmas"
85	"musician"
86	"hottest mc list"
87	"hampstead"
88	"monsters university"
89	"joan blondell"
90	"11 january 1931"
91	"first nations"
92	"1954"
93	"arjun sarja"
94	"casablanca"
95	"j  om prakash"
96	"islamic prophet muhammad"
97	"wale adebanwi"
98	"she"
99	"harpodeon"
100	"iran"
101	"teachers"
102	"cockney"
103	"leonard cohen"
104	"abd al muttalib"
105	"the decemberists"
106	"film"
107	"alfred hitchcock"
108	"boso"
109	"december 24  1886"
110	"six"
111	"ronald e  bradbury"
112	"comedy"
113	"horrible bosses"
114	"berlin"
115	"laura laplante"
116	"12 november 1894"
117	"14 october 1318"
118	"john f  kennedy"
119	"john mcmahon"
120	"ronald searle"
121	"march 2007"
122	"venice"
123	"sidney gilliat"
124	"madhubala"
125	"the presidents of the united states of america"
126	"1963"
127	"39"
128	"the film"
129	"karl geary"
130	"william iii"
131	"leela chitnis"
132	"november 24  1949"
133	"brooklyn dodgers"
134	"marozia"
135	"english crown"
136	"tamil"
137	"west highlands"
138	"tallinn kalev basketball team"
139	"comedy  drama film"
140	"9 july 1956"
141	"publishing office"
142	"march 10  2017"
143	"vyjayanthimala"
144	"schoolmaster"
145	"featured artist"
146	"hartley lobban"
147	"1961"
148	"actors"
149	"plays"
150	"k tzkow"
151	"kabutarsorkh rural district"
152	"1849"
153	"bernie bonvoisin"
154	"victorian football league"
155	"boritzer"
156	"norwagian"
157	"jan sv r k"
158	"john william joseph mcmahon"
159	"abd al  muttalib"
160	"anacond"
161	"1955"
162	"riders of destiny"
163	"first  class cricketer"
164	"controversy"
165	"the pinkprint"
166	"oxford"
167	"raghnall mac ruaidhr"
168	"vogt of deutz"
169	"will hay"
170	"sons of liberty"
171	"1951"
172	"andr s nusser"
173	"young money entertainment"
174	"authors"
175	"lucca"
176	"tom hawkins"
177	"osman i"
178	"film debut"
179	"30 million"
180	"aldri annet enn br k"
181	"ben palmer"
182	"academy awards"
183	"64"
184	"bodil award"
185	"the first part"
186	"motilal"
187	"rock and roll hall of fame"
188	"bommalattam"
189	"satellite tournament"
190	"ertu rul"
191	"politician"
192	"trinidad and tobago born"
193	"pacific rim"
194	"logan sandler"
195	"ac  dc"
196	"bang bang"
197	"feature films"
198	"curator"
199	"nicki minaj"
200	"massachusetts"
201	"the wonderful world of captain kuhio"
202	"marufabad"
203	"three years later"
204	"texas terror"
205	"playwright"
206	"actor"
207	"warners"
208	"frank"
209	"billy milano"
210	"lachlann"
211	"wicket keeper  batsman"
212	"second son"
213	"11"
214	"her"
215	"coney island baby"
216	"historical epic"
217	"2007"
218	"bernadette o farrell"
219	"english"
220	"soviet army"
221	"ranald"
222	"axel"
223	"2017"
224	"norway"
225	"homonymous album"
226	"the dawn rider"
227	"st trinians series"
228	"lothair ii"
229	"rajendra kumar"
230	"east oslo"
231	"woman"
232	"queens"
233	"1959"
234	"both parts"
235	"863"
236	"theater"
237	"panda"
238	"oh  mr porter"
239	"payton hoeing"
240	"hertfordshire"
241	"stage"
242	"danish"
243	"vitagraph company of america"
244	"e in mac domhnaill i"
245	"art director"
246	"american idol"
247	"the lady vanishes"
248	"empties"
249	"eastenders"
250	"latvian ssr"
251	"chilean"
252	"pandit indra"
253	"limestone coast"
254	"england"
255	"him"
256	"south australia"
257	"andrew james somers"
258	"pornographic film director"
259	"suleyman shah"
260	"carol reed"
261	"canadian"
262	"102"
263	"died 875"
264	"1938"
265	"united forces"
266	"1868"
267	"916"
268	"hansraj behl"
269	"windsor"
270	"altid ballade"
271	"edith carlmar"
272	"the lucky texan"
273	"bishop of elmham"
274	"four"
275	"mar"
276	"hugh of italy"
277	"jury award"
278	"931"
279	"1895"
280	"time"
281	"ail an mac ruaidhr"
282	"onika tanya maraj petty"
283	"he"
284	"assassination"
285	"oscar nominations"
286	"astro"
287	"the cool kids"
288	"netherlands"
289	"scottish"
290	"central district"
291	"erudite speaker"
292	"shankar jaikishan"
293	"monaco"
294	"ottoman tradition"
295	"khursheed"
296	"zden k sv r k"
297	"religious fundamentalists"
298	"errol flynn"
299	"august 28  1913"
300	"songwriter"
301	"millions like us"
302	"methodism"
303	"raghnall mac ruaidhri"
304	"panathinaikos"
305	"minaj"
306	"dan lilker"
307	"lotharingia"
308	"cyrus j  williams"
309	"the happiest days of your life"
310	"edith mary johanne mathiesen"
311	"first class cricketer"
312	"judge"
313	"australia"
314	"sigrid horne  rasmussen"
315	"writer"
316	"1950"
317	"drama film"
318	"zhao leji"
319	"hermann i  pusillus"
320	"foster"
321	"23 february 1997"
322	"mih ly kert sz"
323	"charlie day"
324	"new zealand"
325	"magoulas"
326	"greg a  hill"
327	"pink friday"
328	"varsity match"
329	"3 may 1984"
330	"october 821"
331	"playtime is over"
332	"nanterre"
333	"continental coastline"
334	"individual pictures"
335	"twelfth season"
336	"m o d"
337	"the heart of maryland"
338	"united states"
339	"mtv"
340	"surrey"
341	"february 9"
342	"855"
343	"cricketer"
344	"animated film"
345	"adolf i"
346	"indian"
347	"avn hall of fame"
348	"clann domhnaill"
349	"teutberga"
350	"yoga teacher"
351	"europe"
352	"17"
353	"1934"
354	"24 august 1973"
355	"locally"
356	"adalbert ii"
357	"d  voivodeship"
358	"golden age"
359	"lancashire"
360	"lyon cohen"
361	"john aubrey allen"
362	"bruce cause"
363	"author"
364	"dvd"
365	"german"
366	"world"
367	"coney island"
368	"film noir"
369	"nigerian"
370	"warner brothers"
371	"hitchin"
372	"worldwide"
373	"parramatta"
374	"age of 15"
375	"essay"
376	"team"
377	"geelong"
378	"film scores"
379	"new york"
380	"10 october 2009"
381	"vhs"
382	"kristian leontiou"
383	"brandenburg"
384	"musical"
385	"germany"
386	"otto carlmar"
387	"live cargo"
388	"chris ballew"
389	"doris day"
390	"australian rules footballer"
391	"hugh"
392	"western"
393	"bob steele"
394	"hauts  de  seine"
395	"hard rock singer"
396	"rapping"
397	"15 october 2004"
398	"1008"
399	"gmina drzewica"
400	"14 june 2017"
401	"john wesley"
402	"silent era"
403	"vfl"
404	"fourth studio album"
405	"ascension island"
406	"scott fox"
407	"ranjit studios"
408	"december 8  1982"
409	"4 december 1934"
410	"tourist region"
411	"ontario"
412	"st  louis university"
413	"ireland"
414	"radzice"
415	"critics  choice television award"
416	"april 11  1962"
417	"hebrides"
418	"20 march 851"
419	"us"
420	"hucbert"
421	"fjols til"
422	"chaturbhuj doshi"
423	"heavy metal musician"
424	"saint james"
425	"ussr premier basketball league"
426	"lubnowy"
427	"oslo"
428	"jennifer krause"
429	"november 24  1998"
430	"five"
431	"george  gabby  hayes"
432	"blue steel"
433	"lothair i"
434	"jamaican born"
435	"robert n  bradbury"
436	"guy"
437	"bet award"
438	"1925"
439	"fox"
440	"national register of historic places"
441	"republic records"
442	"1947"
443	"john garfield"
444	"czech republic"
445	"french"
446	"mother o  dreams"
447	"sidney swift"
448	"working class districts"
449	"basketball coach"
450	"norwegian"
451	"sligo"
452	"1926"
453	"south african"
454	"clann ruaidhr"
455	"singer  poet"
456	"national football league"
457	"raghnall"
458	"night train to munich"
459	"former professional basketball player"
460	"green for danger"
461	"year 2011"
462	"cash money records"
463	"the crane wife"
464	"10"
465	"she and her husband"
466	"ung flukt"
467	"wine zone"
468	"liv ullmann"
469	"mark pellington"
470	"youtube"
471	"queen"
472	"cat ballou"
473	"trinidadian american"
474	"yield"
475	"2018"
476	"drama"
477	"the lego movie"
478	"shaybah ibn hashim"
479	"o valencia"
480	"robert north bradbury"
481	"austin  texas"
482	"estonian"
483	"band"
484	"classics"
485	"el tonto"
486	"isfahan province"
487	"districts of havelsee"
488	"march 925"
489	"ruth stonehouse"
490	"curtiz"
491	"2009"
492	"the lawless frontier"
493	"1945"
494	"the adventures of robin hood"
495	"dolores costello"
496	"man  kaminer"
497	"kmt"
498	"the second part"
499	"colin meloy"
500	"new york city"
501	"they"
502	"st antony s college"
503	"keldachgau"
504	"2016"
505	"chun li"
506	"glendale  california"
507	"working  class setting"
508	"steam"
509	"20 august 1916"
510	"ryan shore"
511	"national"
512	"boso the elder"
513	"rajinder singh bedi"
514	"twice"
515	"1941"
516	"1943"
517	"opposing gang"
518	"25 june 2018"
519	"offensive lineman"
520	"new kent county"
521	"artist"
522	"17 may 2003"
523	"nothing but trouble"
524	"fist fight"
525	"song"
526	"tiwari"
527	"bron"
528	"aivar kuusmaa"
529	"fifth"
530	"henry krause"
531	"stormtroopers of death"
532	"numerous others"
533	"john wayne"
534	"westward ho"
535	"1018"
536	"poulton  le  fylde"
537	"2001"
538	"motorsport"
539	"1921"
540	"1918"
541	"19 july 1974"
542	"ine"
543	"early 1950s"
544	"arles"
545	"2012"
546	"james robert morrison"
547	"1998"
548	"opoczno county"
549	"tancred ibsen"
550	"1957"
551	"angels with dirty faces"
552	"ky en kobanzame"
553	"frank launder"
554	"tanya ryno"
555	"february 1  2013"
556	"best short subject"
557	"28 december 1917"
558	"caspar babypants"
559	"may 4  2001"
560	"lothair ii of lotharingia"
561	"producer"
562	"albums"
563	"worcestershire"
564	"british"
565	"lead artist"
566	"changed it"
567	"15 november 1911"
568	"singles"
569	"battle of faughart"
570	"nationally"
571	"chadegan county"
572	"five million"
573	"lambert"
574	"victorian border"
575	"clerk"
576	"nana patekar"
577	"american"
578	"pearl jam"
579	"rapper"
580	"film and television director"
581	"early twenty  first century"
582	"polish"
583	"georgia"
584	"sucka free"
585	"riaa"
586	"boston"
587	"two"
588	"belgium"
589	"classic films"
590	"12 june 1967"
591	"193"
592	"solo albums"
593	"highlands and islands"
594	"ruaidhr  mac ruaidhr"
595	"the inbetweeners"
596	"billboard"
597	"super bass"
598	"numerous"
599	"sydney"
600	"1949"
601	"wade junior high school"
602	"jane hinton"
603	"nazira"
604	"st  maurice s abbey"
605	"newport international film festival"
606	"2011"
607	"warmian  masurian voivodeship"
608	"life with father"
609	"1933"
610	"20 june 1965"
611	"love story"
612	"theodred ii"
613	"1931"
614	"crossover thrash band"
615	"25 june 2019"
616	"lay  abbot"
617	"915"
618	"the honor of rameriz"
619	"henry moore"
620	"carter the unstoppable sex machine"
621	"chinese communist party"
622	"war story"
623	"mohan kumar"
624	"8 may 2001"
625	"this is the army"
626	"michael curtiz"
627	"theatr"
628	"the devil was sick"
629	"director"
630	"hartley w lobban"
631	"gabriel axel"
632	"the teachings of the buddha"
633	"1935"
634	"scottish crown"
635	"scotty fox"
636	"model"
637	"virginia"
638	"kaya alp"
639	"1969"
640	"philanthropist"
641	"thionville"
642	"greek cypriot"
643	"spain"
644	"kolya"
645	"bronx"
646	"c  854 895"
647	"captain blood"
648	"money"
649	"grammy award nominations"
650	"warner bros"
651	"path  exchange"
652	"1946"
653	"new south wales"
654	"1636"
655	"decade"
656	"california"
657	"etichonen family"
658	"child  life professionals"
659	"nonconformist minister"
660	"i awa county"
661	"american music awards"
662	"bo  selecta"
663	"singer and guitarist"
664	"c  497   578"
665	"28 january 1906"
666	"tt  kk"
667	"mtv video music awards"
668	"studio system"
669	"andy summers"
670	"born 1950"
671	"bon scott"
672	"ngles"
673	"tomoo shimogawara"
674	"bc kalev  cramo"
675	"police"
676	"hollywood"
677	"the heart of doreon"
678	"last part of her life"
679	"2013"
680	"zhao shoushan"
681	"motiv"
682	"recording industry association of america"
683	"bertha"
684	"how to get your book published"
685	"gmina susz"
686	"amy of garmoran"
687	"dixit"
688	"donnchadh"
689	"james cagney"
690	"17 october"
691	"writer and director"
692	"screenwriter"
693	"etan boritzer"
694	"indie rock band"
695	"carlmar film a s"
696	"estonia"
697	"john of islay"
698	"parents"
699	"2006 census"
700	"comedy film"
701	"helga nielsen"
702	"one eskimo"
703	"somerset"
704	"rainbow valley"
705	"11 november 875"
706	"actress"
707	"telavi district"
708	"alternative rock band"
709	"god"
710	"elliot silverstein"
711	"ride on"
712	"tom dickinson"
713	"john westley"
714	"media"
715	"west of the divide"
716	"film director"
717	"hildren"
718	"trust"
719	"soul singer"
720	"david belasco"
721	"i see a dark stranger"
722	"dan milne"
723	"1905"
724	"businessman"
725	"k z l bu a"
726	"february 20  1987"
727	"august 4  1998"
728	"bette davis"
729	"havel river"
730	"six nations of the grand river territory"
731	"bernard bonvoisin"
732	"detail"
733	"tuscany"
734	"emperor lothair i"
735	"nasamkhrali"
736	"box office hit"
737	"ten"
738	"bharathiraja"
739	"s"
740	"1927"
741	"elsass"
742	"three sons"
743	"oxford university"
744	"noah beery  jr"
745	"60 million"
746	"jawty"
747	"po"
748	"poland"
749	"children  s literature"
750	"lord of the isles"
751	"australian"
