0	waldrada
1	charles peckham day
2	tom santschi
3	fred le deux
4	1965
5	thomas eastwood dickinson
6	general
7	from 1936
8	starships
9	ten year period
10	lil wayne
11	2010
12	greece
13	noah beery  sr
14	henry walter moore
15	es
16	8
17	japan
18	robert i
19	d he
20	beam me up scotty
21	frank fay
22	john allen
23	2008
24	what is god
25	pritzerbe
26	835
27	ermengarde of tours
28	aas ka panchhi
29	february 1982
30	five times
31	avis utilitas rapla
32	liege basket
33	washington redskins
34	ottoman empire
35	melodrama
36	lloyd
37	astrid north
38	2014
39	sundance channel
40	march 23  1886
41	august 3
42	astrid karina north
43	the trail beyond
44	black rhodes professor
45	the man from utah
46	joan crawford
47	31 december 1942
48	house of stewart
49	second album
50	hindi
51	theobald
52	mildred pierce
53	we re no angels
54	ude
55	1989
56	indie punk band
57	jim bob
58	bosonid boso the elder
59	1937
60	x
61	singer
62	14th  century
63	johnny mack brown
64	yankee doodle dandy
65	1942
66	d den er et kj rtegndeath is a caress
67	wesley barresi
68	9 may 1926
69	carlmar
70	the sea wolf
71	st helena
72	third
73	billboard r b hip hop airplay chart
74	tunstall
75	ringo en no sh jo
76	amy hobby
77	the star packer
78	regret in your tears
79	henry j   red  krause  jr
80	a
81	r gas ask
82	olivia de havilland
83	cairist ona
84	white christmas
85	musician
86	hottest mc list
87	hampstead
88	monsters university
89	joan blondell
90	11 january 1931
91	first nations
92	1954
93	arjun sarja
94	casablanca
95	j  om prakash
96	islamic prophet muhammad
97	wale adebanwi
98	she
99	harpodeon
100	iran
101	teachers
102	cockney
103	leonard cohen
104	abd al muttalib
105	the decemberists
106	film
107	alfred hitchcock
108	boso
109	december 24  1886
110	six
111	ronald e  bradbury
112	comedy
113	horrible bosses
114	berlin
115	laura laplante
116	12 november 1894
117	14 october 1318
118	john f  kennedy
119	john mcmahon
120	ronald searle
121	march 2007
122	venice
123	sidney gilliat
124	madhubala
125	the presidents of the united states of america
126	1963
127	39
128	the film
129	karl geary
130	william iii
131	leela chitnis
132	november 24  1949
133	brooklyn dodgers
134	marozia
135	english crown
136	tamil
137	west highlands
138	tallinn kalev basketball team
139	comedy  drama film
140	9 july 1956
141	publishing office
142	march 10  2017
143	vyjayanthimala
144	schoolmaster
145	featured artist
146	hartley lobban
147	1961
148	actors
149	plays
150	k tzkow
151	kabutarsorkh rural district
152	1849
153	bernie bonvoisin
154	victorian football league
155	boritzer
156	norwagian
157	jan sv r k
158	john william joseph mcmahon
159	abd al  muttalib
160	anacond
161	sydney
162	1955
163	riders of destiny
164	first  class cricketer
165	controversy
166	the pinkprint
167	oxford
168	raghnall mac ruaidhr
169	vogt of deutz
170	will hay
171	sons of liberty
172	1951
173	young money entertainment
174	andr s nusser
175	lucca
176	authors
177	tom hawkins
178	osman i
179	film debut
180	30 million
181	aldri annet enn br k
182	ben palmer
183	academy awards
184	64
185	bodil award
186	the first part
187	motilal
188	rock and roll hall of fame
189	bommalattam
190	satellite tournament
191	ertu rul
192	politician
193	trinidad and tobago born
194	pacific rim
195	logan sandler
196	ac  dc
197	bang bang
198	feature films
199	curator
200	nicki minaj
201	massachusetts
202	the wonderful world of captain kuhio
203	marufabad
204	three years later
205	texas terror
206	playwright
207	actor
208	warners
209	frank
210	billy milano
211	lachlann
212	wicket keeper  batsman
213	second son
214	11
215	her
216	coney island baby
217	historical epic
218	2007
219	bernadette o farrell
220	english
221	soviet army
222	ranald
223	axel
224	2017
225	norway
226	homonymous album
227	the dawn rider
228	st trinians series
229	lothair ii
230	rajendra kumar
231	east oslo
232	woman
233	queens
234	1959
235	both parts
236	863
237	theater
238	panda
239	oh  mr porter
240	payton hoeing
241	hertfordshire
242	stage
243	danish
244	vitagraph company of america
245	e in mac domhnaill i
246	art director
247	american idol
248	the lady vanishes
249	empties
250	eastenders
251	latvian ssr
252	chilean
253	pandit indra
254	limestone coast
255	england
256	him
257	south australia
258	andrew james somers
259	pornographic film director
260	australian
261	suleyman shah
262	carol reed
263	canadian
264	102
265	died 875
266	1938
267	united forces
268	1868
269	916
270	hansraj behl
271	windsor
272	altid ballade
273	edith carlmar
274	the lucky texan
275	bishop of elmham
276	four
277	mar
278	hugh of italy
279	jury award
280	931
281	1895
282	time
283	ail an mac ruaidhr
284	onika tanya maraj petty
285	he
286	assassination
287	oscar nominations
288	astro
289	the cool kids
290	netherlands
291	scottish
292	central district
293	erudite speaker
294	shankar jaikishan
295	monaco
296	ottoman tradition
297	khursheed
298	zden k sv r k
299	religious fundamentalists
300	errol flynn
301	august 28  1913
302	songwriter
303	millions like us
304	methodism
305	raghnall mac ruaidhri
306	panathinaikos
307	minaj
308	dan lilker
309	lotharingia
310	cyrus j  williams
311	the happiest days of your life
312	edith mary johanne mathiesen
313	first class cricketer
314	judge
315	australia
316	sigrid horne  rasmussen
317	writer
318	1950
319	drama film
320	zhao leji
321	hermann i  pusillus
322	foster
323	23 february 1997
324	mih ly kert sz
325	charlie day
326	new zealand
327	magoulas
328	greg a  hill
329	pink friday
330	varsity match
331	3 may 1984
332	october 821
333	playtime is over
334	nanterre
335	continental coastline
336	individual pictures
337	twelfth season
338	m o d
339	the heart of maryland
340	united states
341	mtv
342	surrey
343	february 9
344	855
345	cricketer
346	animated film
347	adolf i
348	indian
349	avn hall of fame
350	clann domhnaill
351	teutberga
352	yoga teacher
353	europe
354	17
355	1934
356	24 august 1973
357	locally
358	adalbert ii
359	d  voivodeship
360	golden age
361	lancashire
362	lyon cohen
363	john aubrey allen
364	bruce cause
365	author
366	dvd
367	german
368	world
369	coney island
370	film noir
371	nigerian
372	warner brothers
373	hitchin
374	worldwide
375	parramatta
376	age of 15
377	essay
378	team
379	geelong
380	film scores
381	new york
382	10 october 2009
383	vhs
384	kristian leontiou
385	brandenburg
386	musical
387	germany
388	otto carlmar
389	live cargo
390	chris ballew
391	doris day
392	australian rules footballer
393	hugh
394	western
395	bob steele
396	hauts  de  seine
397	hard rock singer
398	rapping
399	15 october 2004
400	1008
401	gmina drzewica
402	14 june 2017
403	john wesley
404	silent era
405	vfl
406	fourth studio album
407	ascension island
408	scott fox
409	ranjit studios
410	december 8  1982
411	4 december 1934
412	tourist region
413	ontario
414	st  louis university
415	ireland
416	radzice
417	critics  choice television award
418	april 11  1962
419	hebrides
420	20 march 851
421	us
422	hucbert
423	fjols til
424	chaturbhuj doshi
425	heavy metal musician
426	saint james
427	ussr premier basketball league
428	lubnowy
429	oslo
430	jennifer krause
431	november 24  1998
432	five
433	george  gabby  hayes
434	blue steel
435	lothair i
436	jamaican born
437	robert n  bradbury
438	guy
439	bet award
440	1925
441	fox
442	national register of historic places
443	republic records
444	1947
445	john garfield
446	czech republic
447	french
448	mother o  dreams
449	sidney swift
450	working class districts
451	basketball coach
452	norwegian
453	sligo
454	1926
455	south african
456	clann ruaidhr
457	singer  poet
458	national football league
459	raghnall
460	night train to munich
461	former professional basketball player
462	green for danger
463	year 2011
464	cash money records
465	the crane wife
466	10
467	she and her husband
468	ung flukt
469	wine zone
470	liv ullmann
471	mark pellington
472	youtube
473	queen
474	cat ballou
475	trinidadian american
476	yield
477	2018
478	drama
479	the lego movie
480	shaybah ibn hashim
481	o valencia
482	robert north bradbury
483	austin  texas
484	estonian
485	band
486	classics
487	el tonto
488	isfahan province
489	districts of havelsee
490	march 925
491	ruth stonehouse
492	curtiz
493	2009
494	the lawless frontier
495	1945
496	the adventures of robin hood
497	dolores costello
498	man  kaminer
499	kmt
500	the second part
501	colin meloy
502	new york city
503	they
504	st antony s college
505	keldachgau
506	2016
507	chun li
508	glendale  california
509	working  class setting
510	steam
511	20 august 1916
512	ryan shore
513	national
514	boso the elder
515	rajinder singh bedi
516	twice
517	1941
518	1943
519	opposing gang
520	25 june 2018
521	offensive lineman
522	new kent county
523	artist
524	17 may 2003
525	nothing but trouble
526	fist fight
527	song
528	tiwari
529	bron
530	aivar kuusmaa
531	fifth
532	henry krause
533	stormtroopers of death
534	numerous others
535	john wayne
536	westward ho
537	1018
538	poulton  le  fylde
539	2001
540	motorsport
541	1921
542	1918
543	19 july 1974
544	ine
545	early 1950s
546	arles
547	2012
548	james robert morrison
549	1998
550	opoczno county
551	tancred ibsen
552	1957
553	angels with dirty faces
554	ky en kobanzame
555	frank launder
556	tanya ryno
557	february 1  2013
558	best short subject
559	28 december 1917
560	caspar babypants
561	may 4  2001
562	lothair ii of lotharingia
563	producer
564	albums
565	worcestershire
566	british
567	lead artist
568	changed it
569	15 november 1911
570	singles
571	battle of faughart
572	nationally
573	chadegan county
574	five million
575	lambert
576	victorian border
577	clerk
578	nana patekar
579	american
580	pearl jam
581	rapper
582	film and television director
583	early twenty  first century
584	polish
585	georgia
586	sucka free
587	riaa
588	boston
589	two
590	belgium
591	classic films
592	12 june 1967
593	193
594	solo albums
595	highlands and islands
596	ruaidhr  mac ruaidhr
597	the inbetweeners
598	billboard
599	super bass
600	numerous
601	1949
602	wade junior high school
603	jane hinton
604	nazira
605	st  maurice s abbey
606	newport international film festival
607	2011
608	warmian  masurian voivodeship
609	life with father
610	1933
611	20 june 1965
612	love story
613	theodred ii
614	1931
615	crossover thrash band
616	25 june 2019
617	lay  abbot
618	915
619	the honor of rameriz
620	henry moore
621	carter the unstoppable sex machine
622	chinese communist party
623	war story
624	mohan kumar
625	8 may 2001
626	this is the army
627	michael curtiz
628	theatr
629	the devil was sick
630	director
631	hartley w lobban
632	gabriel axel
633	the teachings of the buddha
634	1935
635	scottish crown
636	scotty fox
637	model
638	virginia
639	kaya alp
640	1969
641	philanthropist
642	thionville
643	greek cypriot
644	spain
645	kolya
646	bronx
647	c  854 895
648	captain blood
649	money
650	grammy award nominations
651	warner bros
652	path  exchange
653	1946
654	new south wales
655	1636
656	decade
657	california
658	etichonen family
659	child  life professionals
660	nonconformist minister
661	i awa county
662	american music awards
663	bo  selecta
664	singer and guitarist
665	c  497   578
666	28 january 1906
667	tt  kk
668	mtv video music awards
669	studio system
670	andy summers
671	born 1950
672	bon scott
673	ngles
674	tomoo shimogawara
675	bc kalev  cramo
676	police
677	hollywood
678	the heart of doreon
679	last part of her life
680	2013
681	zhao shoushan
682	motiv
683	recording industry association of america
684	bertha
685	how to get your book published
686	gmina susz
687	amy of garmoran
688	dixit
689	donnchadh
690	james cagney
691	17 october
692	writer and director
693	screenwriter
694	etan boritzer
695	indie rock band
696	carlmar film a s
697	estonia
698	john of islay
699	parents
700	2006 census
701	comedy film
702	helga nielsen
703	one eskimo
704	somerset
705	rainbow valley
706	11 november 875
707	actress
708	alternative rock band
709	god
710	elliot silverstein
711	ride on
712	tom dickinson
713	john westley
714	media
715	west of the divide
716	film director
717	hildren
718	trust
719	soul singer
720	david belasco
721	i see a dark stranger
722	dan milne
723	1905
724	businessman
725	k z l bu a
726	february 20  1987
727	august 4  1998
728	bette davis
729	havel river
730	six nations of the grand river territory
731	bernard bonvoisin
732	detail
733	tuscany
734	emperor lothair i
735	nasamkhrali
736	box office hit
737	ten
738	bharathiraja
739	s
740	1927
741	elsass
742	three sons
743	oxford university
744	noah beery  jr
745	60 million
746	jawty
747	po
748	poland
749	children  s literature
750	lord of the isles
751	telavi district
